FlyAsh,GGBFS,Metakaolin,NaOH_M,Na2SiO3,CopperSlag,RecycledAgg,Curing_Days,Si_Al,Comp_Strength,Density
0,0,0,8,0,0,0,7,2.178,34,1.767
0,0,0,8,0,0,0,7,1.373,63,1.916
0,0,0,8,0,0,0,7,1.433,50,1.876
0,0,0,8,0,0,0,7,1.720,39,1.596
0,0,0,8,0,0,0,7,1.627,53,1.815
0,0,0,8,0,0,0,7,1.663,30,1.879
0,0,0,8,0,0,0,7,1.574,71,1.899
0,0,0,8,0,0,0,7,1.310,11,1.847
0,0,0,8,0,0,0,7,1.801,74,2.009
400,0,0,8,120,0,0,3,2.200,25.7,1.680
400,0,0,8,120,0,0,3,2.200,29.6,1.680
400,0,0,8,120,0,0,3,2.200,52.4,1.680
400,0,0,8,120,0,0,3,2.200,63.7,1.680
400,0,0,8,120,0,0,3,2.200,32.6,1.680
400,0,0,8,120,0,0,3,2.200,53.0,1.680
400,0,0,8,120,0,0,3,2.200,64.0,1.680
400,0,0,8,120,0,0,7,2.200,26.3,1.680
400,0,0,8,120,0,0,7,2.200,30.6,1.680
400,0,0,8,120,0,0,7,2.200,52.7,1.680
400,0,0,8,120,0,0,7,2.200,63.6,1.680
400,0,0,8,120,0,0,7,2.200,32.8,1.680
400,0,0,8,120,0,0,7,2.200,52.9,1.680
400,0,0,8,120,0,0,7,2.200,64.1,1.680
400,0,0,8,120,0,0,14,2.200,27.8,1.680
400,0,0,8,120,0,0,14,2.200,32.8,1.680
400,0,0,8,120,0,0,14,2.200,52.7,1.680
400,0,0,8,120,0,0,14,2.200,65.3,1.680
400,0,0,8,120,0,0,14,2.200,34.4,1.680
400,0,0,8,120,0,0,14,2.200,52.9,1.680
400,0,0,8,120,0,0,14,2.200,65.7,1.680
400,0,0,8,120,0,0,28,2.200,32.0,1.680
400,0,0,8,120,0,0,28,2.200,38.1,1.680
400,0,0,8,120,0,0,28,2.200,52.2,1.680
400,0,0,8,120,0,0,28,2.200,66.2,1.680
400,0,0,8,120,0,0,28,2.200,40.0,1.680
400,0,0,8,120,0,0,28,2.200,55.6,1.680
400,0,0,8,120,0,0,28,2.200,67.0,1.680
400,0,0,10,120,0,0,3,2.200,28.3,1.680
400,0,0,10,120,0,0,3,2.200,32.5,1.680
400,0,0,10,120,0,0,3,2.200,57.6,1.680
400,0,0,10,120,0,0,3,2.200,70.0,1.680
400,0,0,10,120,0,0,3,2.200,35.9,1.680
400,0,0,10,120,0,0,3,2.200,58.3,1.680
400,0,0,10,120,0,0,3,2.200,70.4,1.680
400,0,0,10,120,0,0,7,2.200,28.9,1.680
400,0,0,10,120,0,0,7,2.200,33.7,1.680
400,0,0,10,120,0,0,7,2.200,57.9,1.680
400,0,0,10,120,0,0,7,2.200,69.9,1.680
400,0,0,10,120,0,0,7,2.200,36.1,1.680
400,0,0,10,120,0,0,7,2.200,58.2,1.680
400,0,0,10,120,0,0,7,2.200,70.5,1.680
400,0,0,10,120,0,0,14,2.200,30.6,1.680
400,0,0,10,120,0,0,14,2.200,36.0,1.680
400,0,0,10,120,0,0,14,2.200,57.9,1.680
400,0,0,10,120,0,0,14,2.200,71.9,1.680
400,0,0,10,120,0,0,14,2.200,37.9,1.680
400,0,0,10,120,0,0,14,2.200,58.2,1.680
400,0,0,10,120,0,0,14,2.200,72.2,1.680
400,0,0,10,120,0,0,28,2.200,35.2,1.680
400,0,0,10,120,0,0,28,2.200,42.0,1.680
400,0,0,10,120,0,0,28,2.200,57.4,1.680
400,0,0,10,120,0,0,28,2.200,72.8,1.680
400,0,0,10,120,0,0,28,2.200,44.0,1.680
400,0,0,10,120,0,0,28,2.200,61.2,1.680
400,0,0,10,120,0,0,28,2.200,73.7,1.680
400,0,0,12,120,0,0,3,2.200,31.1,1.680
400,0,0,12,120,0,0,3,2.200,35.8,1.680
400,0,0,12,120,0,0,3,2.200,63.4,1.680
400,0,0,12,120,0,0,3,2.200,77.0,1.680
400,0,0,12,120,0,0,3,2.200,39.5,1.680
400,0,0,12,120,0,0,3,2.200,64.1,1.680
400,0,0,12,120,0,0,3,2.200,77.5,1.680
400,0,0,12,120,0,0,7,2.200,31.8,1.680
400,0,0,12,120,0,0,7,2.200,37.0,1.680
400,0,0,12,120,0,0,7,2.200,63.7,1.680
400,0,0,12,120,0,0,7,2.200,76.9,1.680
400,0,0,12,120,0,0,7,2.200,39.7,1.680
400,0,0,12,120,0,0,7,2.200,64.1,1.680
400,0,0,12,120,0,0,7,2.200,77.5,1.680
400,0,0,12,120,0,0,14,2.200,33.6,1.680
400,0,0,12,120,0,0,14,2.200,39.6,1.680
400,0,0,12,120,0,0,14,2.200,63.7,1.680
400,0,0,12,120,0,0,14,2.200,79.1,1.680
400,0,0,12,120,0,0,14,2.200,41.7,1.680
400,0,0,12,120,0,0,14,2.200,64.1,1.680
400,0,0,12,120,0,0,14,2.200,79.5,1.680
400,0,0,12,120,0,0,28,2.200,38.7,1.680
400,0,0,12,120,0,0,28,2.200,46.2,1.680
400,0,0,12,120,0,0,28,2.200,63.2,1.680
400,0,0,12,120,0,0,28,2.200,80.1,1.680
400,0,0,12,120,0,0,28,2.200,48.4,1.680
400,0,0,12,120,0,0,28,2.200,67.3,1.680
400,0,0,12,120,0,0,28,2.200,81.0,1.680
400,0,0,14,120,0,0,3,2.200,34.3,1.680
400,0,0,14,120,0,0,3,2.200,39.4,1.680
400,0,0,14,120,0,0,3,2.200,69.8,1.680
400,0,0,14,120,0,0,3,2.200,84.8,1.680
400,0,0,14,120,0,0,3,2.200,43.4,1.680
400,0,0,14,120,0,0,3,2.200,70.6,1.680
400,0,0,14,120,0,0,3,2.200,85.2,1.680
400,0,0,14,120,0,0,7,2.200,35.0,1.680
400,0,0,14,120,0,0,7,2.200,40.7,1.680
400,0,0,14,120,0,0,7,2.200,70.1,1.680
400,0,0,14,120,0,0,7,2.200,84.6,1.680
400,0,0,14,120,0,0,7,2.200,43.7,1.680
400,0,0,14,120,0,0,7,2.200,70.5,1.680
400,0,0,14,120,0,0,7,2.200,85.3,1.680
400,0,0,14,120,0,0,14,2.200,37.0,1.680
400,0,0,14,120,0,0,14,2.200,43.6,1.680
400,0,0,14,120,0,0,14,2.200,70.1,1.680
400,0,0,14,120,0,0,14,2.200,87.0,1.680
400,0,0,14,120,0,0,14,2.200,45.9,1.680
400,0,0,14,120,0,0,14,2.200,70.5,1.680
400,0,0,14,120,0,0,14,2.200,87.4,1.680
400,0,0,14,120,0,0,28,2.200,42.6,1.680
400,0,0,14,120,0,0,28,2.200,50.8,1.680
400,0,0,14,120,0,0,28,2.200,69.5,1.680
400,0,0,14,120,0,0,28,2.200,88.1,1.680
400,0,0,14,120,0,0,28,2.200,53.2,1.680
400,0,0,14,120,0,0,28,2.200,74.1,1.680
400,0,0,14,120,0,0,28,2.200,89.2,1.680
300,100,0,8,120,0,0,3,1.950,29.6,1.680
300,100,0,8,120,0,0,3,1.950,34.0,1.680
300,100,0,8,120,0,0,3,1.950,60.3,1.680
300,100,0,8,120,0,0,3,1.950,73.2,1.680
300,100,0,8,120,0,0,3,1.950,37.5,1.680
300,100,0,8,120,0,0,3,1.950,61.0,1.680
300,100,0,8,120,0,0,3,1.950,73.6,1.680
300,100,0,8,120,0,0,7,1.950,30.2,1.680
300,100,0,8,120,0,0,7,1.950,35.2,1.680
300,100,0,8,120,0,0,7,1.950,60.6,1.680
300,100,0,8,120,0,0,7,1.950,73.1,1.680
300,100,0,8,120,0,0,7,1.950,37.8,1.680
300,100,0,8,120,0,0,7,1.950,60.9,1.680
300,100,0,8,120,0,0,7,1.950,73.7,1.680
300,100,0,8,120,0,0,14,1.950,32.0,1.680
300,100,0,8,120,0,0,14,1.950,37.7,1.680
300,100,0,8,120,0,0,14,1.950,60.6,1.680
300,100,0,8,120,0,0,14,1.950,75.2,1.680
300,100,0,8,120,0,0,14,1.950,39.6,1.680
300,100,0,8,120,0,0,14,1.950,60.9,1.680
300,100,0,8,120,0,0,14,1.950,75.5,1.680
300,100,0,8,120,0,0,28,1.950,36.8,1.680
300,100,0,8,120,0,0,28,1.950,43.9,1.680
300,100,0,8,120,0,0,28,1.950,60.1,1.680
300,100,0,8,120,0,0,28,1.950,76.1,1.680
300,100,0,8,120,0,0,28,1.950,46.0,1.680
300,100,0,8,120,0,0,28,1.950,64.0,1.680
300,100,0,8,120,0,0,28,1.950,77.0,1.680
300,100,0,10,120,0,0,3,1.950,32.6,1.680
300,100,0,10,120,0,0,3,1.950,37.4,1.680
300,100,0,10,120,0,0,3,1.950,66.3,1.680
300,100,0,10,120,0,0,3,1.950,80.5,1.680
300,100,0,10,120,0,0,3,1.950,41.3,1.680
300,100,0,10,120,0,0,3,1.950,67.1,1.680
300,100,0,10,120,0,0,3,1.950,81.0,1.680
300,100,0,10,120,0,0,7,1.950,33.3,1.680
300,100,0,10,120,0,0,7,1.950,38.7,1.680
300,100,0,10,120,0,0,7,1.950,66.6,1.680
300,100,0,10,120,0,0,7,1.950,80.4,1.680
300,100,0,10,120,0,0,7,1.950,41.5,1.680
300,100,0,10,120,0,0,7,1.950,67.0,1.680
300,100,0,10,120,0,0,7,1.950,81.1,1.680
300,100,0,10,120,0,0,14,1.950,35.2,1.680
300,100,0,10,120,0,0,14,1.950,41.5,1.680
300,100,0,10,120,0,0,14,1.950,66.6,1.680
300,100,0,10,120,0,0,14,1.950,82.7,1.680
300,100,0,10,120,0,0,14,1.950,43.6,1.680
300,100,0,10,120,0,0,14,1.950,67.0,1.680
300,100,0,10,120,0,0,14,1.950,83.1,1.680
300,100,0,10,120,0,0,28,1.950,40.5,1.680
300,100,0,10,120,0,0,28,1.950,48.3,1.680
300,100,0,10,120,0,0,28,1.950,66.1,1.680
300,100,0,10,120,0,0,28,1.950,83.8,1.680
300,100,0,10,120,0,0,28,1.950,50.6,1.680
300,100,0,10,120,0,0,28,1.950,70.4,1.680
300,100,0,10,120,0,0,28,1.950,84.7,1.680
300,100,0,12,120,0,0,3,1.950,35.8,1.680
300,100,0,12,120,0,0,3,1.950,41.2,1.680
300,100,0,12,120,0,0,3,1.950,72.9,1.680
300,100,0,12,120,0,0,3,1.950,88.6,1.680
300,100,0,12,120,0,0,3,1.950,45.4,1.680
300,100,0,12,120,0,0,3,1.950,73.8,1.680
300,100,0,12,120,0,0,3,1.950,89.1,1.680
300,100,0,12,120,0,0,7,1.950,36.6,1.680
300,100,0,12,120,0,0,7,1.950,42.6,1.680
300,100,0,12,120,0,0,7,1.950,73.3,1.680
300,100,0,12,120,0,0,7,1.950,88.5,1.680
300,100,0,12,120,0,0,7,1.950,45.7,1.680
300,100,0,12,120,0,0,7,1.950,73.7,1.680
300,100,0,12,120,0,0,7,1.950,89.2,1.680
300,100,0,12,120,0,0,14,1.950,38.7,1.680
300,100,0,12,120,0,0,14,1.950,45.6,1.680
300,100,0,12,120,0,0,14,1.950,73.3,1.680
300,100,0,12,120,0,0,14,1.950,91.0,1.680
300,100,0,12,120,0,0,14,1.950,47.9,1.680
300,100,0,12,120,0,0,14,1.950,73.7,1.680
300,100,0,12,120,0,0,14,1.950,91.4,1.680
300,100,0,12,120,0,0,28,1.950,44.6,1.680
300,100,0,12,120,0,0,28,1.950,53.1,1.680
300,100,0,12,120,0,0,28,1.950,72.7,1.680
300,100,0,12,120,0,0,28,1.950,92.1,1.680
300,100,0,12,120,0,0,28,1.950,55.7,1.680
300,100,0,12,120,0,0,28,1.950,77.4,1.680
300,100,0,12,120,0,0,28,1.950,93.2,1.680
300,100,0,14,120,0,0,3,1.950,39.4,1.680
300,100,0,14,120,0,0,3,1.950,45.3,1.680
300,100,0,14,120,0,0,3,1.950,80.2,1.680
300,100,0,14,120,0,0,3,1.950,97.5,1.680
300,100,0,14,120,0,0,3,1.950,49.9,1.680
300,100,0,14,120,0,0,3,1.950,81.2,1.680
300,100,0,14,120,0,0,3,1.950,98.0,1.680
300,100,0,14,120,0,0,7,1.950,40.2,1.680
300,100,0,14,120,0,0,7,1.950,46.9,1.680
300,100,0,14,120,0,0,7,1.950,80.6,1.680
300,100,0,14,120,0,0,7,1.950,97.3,1.680
300,100,0,14,120,0,0,7,1.950,50.3,1.680
300,100,0,14,120,0,0,7,1.950,81.0,1.680
300,100,0,14,120,0,0,7,1.950,98.1,1.680
300,100,0,14,120,0,0,14,1.950,42.6,1.680
300,100,0,14,120,0,0,14,1.950,50.2,1.680
300,100,0,14,120,0,0,14,1.950,80.7,1.680
300,100,0,14,120,0,0,14,1.950,100.0,1.680
300,100,0,14,120,0,0,14,1.950,52.7,1.680
300,100,0,14,120,0,0,14,1.950,81.1,1.680
300,100,0,14,120,0,0,14,1.950,100.0,1.680
300,100,0,14,120,0,0,28,1.950,49.0,1.680
300,100,0,14,120,0,0,28,1.950,58.4,1.680
300,100,0,14,120,0,0,28,1.950,79.9,1.680
300,100,0,14,120,0,0,28,1.950,101.0,1.680
300,100,0,14,120,0,0,28,1.950,61.2,1.680
300,100,0,14,120,0,0,28,1.950,85.2,1.680
300,100,0,14,120,0,0,28,1.950,102.0,1.680
400,0,0,8,120,0,300,3,2.200,35.1,1.740
400,0,0,8,120,0,300,3,2.200,34.8,1.740
400,0,0,8,120,0,300,3,2.200,36.8,1.740
400,0,0,8,120,0,300,3,2.200,48.1,1.740
400,0,0,8,120,0,300,3,2.200,35.3,1.740
400,0,0,8,120,0,300,3,2.200,40.0,1.740
400,0,0,8,120,0,300,3,2.200,49.3,1.740
400,0,0,8,120,0,300,7,2.200,35.3,1.740
400,0,0,8,120,0,300,7,2.200,34.6,1.740
400,0,0,8,120,0,300,7,2.200,36.8,1.740
400,0,0,8,120,0,300,7,2.200,48.4,1.740
400,0,0,8,120,0,300,7,2.200,35.0,1.740
400,0,0,8,120,0,300,7,2.200,39.6,1.740
400,0,0,8,120,0,300,7,2.200,49.5,1.740
400,0,0,8,120,0,300,14,2.200,35.3,1.740
400,0,0,8,120,0,300,14,2.200,34.5,1.740
400,0,0,8,120,0,300,14,2.200,37.7,1.740
400,0,0,8,120,0,300,14,2.200,49.7,1.740
400,0,0,8,120,0,300,14,2.200,34.4,1.740
400,0,0,8,120,0,300,14,2.200,39.5,1.740
400,0,0,8,120,0,300,14,2.200,50.4,1.740
400,0,0,8,120,0,300,28,2.200,35.8,1.740
400,0,0,8,120,0,300,28,2.200,35.8,1.740
400,0,0,8,120,0,300,28,2.200,41.7,1.740
400,0,0,8,120,0,300,28,2.200,50.9,1.740
400,0,0,8,120,0,300,28,2.200,35.3,1.740
400,0,0,8,120,0,300,28,2.200,42.8,1.740
400,0,0,8,120,0,300,28,2.200,51.8,1.740
400,0,0,10,120,0,300,3,2.200,36.0,1.740
400,0,0,10,120,0,300,3,2.200,35.2,1.740
400,0,0,10,120,0,300,3,2.200,37.4,1.740
400,0,0,10,120,0,300,3,2.200,48.9,1.740
400,0,0,10,120,0,300,3,2.200,35.6,1.740
400,0,0,10,120,0,300,3,2.200,40.7,1.740
400,0,0,10,120,0,300,3,2.200,49.6,1.740
400,0,0,10,120,0,300,7,2.200,36.1,1.740
400,0,0,10,120,0,300,7,2.200,34.9,1.740
400,0,0,10,120,0,300,7,2.200,37.4,1.740
400,0,0,10,120,0,300,7,2.200,48.7,1.740
400,0,0,10,120,0,300,7,2.200,35.2,1.740
400,0,0,10,120,0,300,7,2.200,40.2,1.740
400,0,0,10,120,0,300,7,2.200,49.8,1.740
400,0,0,10,120,0,300,14,2.200,36.0,1.740
400,0,0,10,120,0,300,14,2.200,34.6,1.740
400,0,0,10,120,0,300,14,2.200,38.3,1.740
400,0,0,10,120,0,300,14,2.200,49.6,1.740
400,0,0,10,120,0,300,14,2.200,34.7,1.740
400,0,0,10,120,0,300,14,2.200,40.3,1.740
400,0,0,10,120,0,300,14,2.200,50.3,1.740
400,0,0,10,120,0,300,28,2.200,36.6,1.740
400,0,0,10,120,0,300,28,2.200,35.9,1.740
400,0,0,10,120,0,300,28,2.200,42.7,1.740
400,0,0,10,120,0,300,28,2.200,51.1,1.740
400,0,0,10,120,0,300,28,2.200,35.9,1.740
400,0,0,10,120,0,300,28,2.200,43.8,1.740
400,0,0,10,120,0,300,28,2.200,52.0,1.740
400,0,0,12,120,0,300,3,2.200,36.8,1.740
400,0,0,12,120,0,300,3,2.200,35.4,1.740
400,0,0,12,120,0,300,3,2.200,38.2,1.740
400,0,0,12,120,0,300,3,2.200,49.7,1.740
400,0,0,12,120,0,300,3,2.200,35.9,1.740
400,0,0,12,120,0,300,3,2.200,41.7,1.740
400,0,0,12,120,0,300,3,2.200,49.9,1.740
400,0,0,12,120,0,300,7,2.200,36.7,1.740
400,0,0,12,120,0,300,7,2.200,35.2,1.740
400,0,0,12,120,0,300,7,2.200,38.2,1.740
400,0,0,12,120,0,300,7,2.200,49.4,1.740
400,0,0,12,120,0,300,7,2.200,35.6,1.740
400,0,0,12,120,0,300,7,2.200,40.9,1.740
400,0,0,12,120,0,300,7,2.200,50.1,1.740
400,0,0,12,120,0,300,14,2.200,36.5,1.740
400,0,0,12,120,0,300,14,2.200,34.8,1.740
400,0,0,12,120,0,300,14,2.200,39.1,1.740
400,0,0,12,120,0,300,14,2.200,49.7,1.740
400,0,0,12,120,0,300,14,2.200,35.0,1.740
400,0,0,12,120,0,300,14,2.200,41.2,1.740
400,0,0,12,120,0,300,14,2.200,50.6,1.740
400,0,0,12,120,0,300,28,2.200,37.6,1.740
400,0,0,12,120,0,300,28,2.200,36.2,1.740
400,0,0,12,120,0,300,28,2.200,43.6,1.740
400,0,0,12,120,0,300,28,2.200,51.4,1.740
400,0,0,12,120,0,300,28,2.200,36.6,1.740
400,0,0,12,120,0,300,28,2.200,44.5,1.740
400,0,0,12,120,0,300,28,2.200,52.1,1.740
400,0,0,14,120,0,300,3,2.200,37.3,1.740
400,0,0,14,120,0,300,3,2.200,35.8,1.740
400,0,0,14,120,0,300,3,2.200,39.2,1.740
400,0,0,14,120,0,300,3,2.200,50.1,1.740
400,0,0,14,120,0,300,3,2.200,36.2,1.740
400,0,0,14,120,0,300,3,2.200,42.6,1.740
400,0,0,14,120,0,300,3,2.200,50.1,1.740
400,0,0,14,120,0,300,7,2.200,37.3,1.740
400,0,0,14,120,0,300,7,2.200,35.5,1.740
400,0,0,14,120,0,300,7,2.200,39.0,1.740
400,0,0,14,120,0,300,7,2.200,50.0,1.740
400,0,0,14,120,0,300,7,2.200,36.0,1.740
400,0,0,14,120,0,300,7,2.200,41.9,1.740
400,0,0,14,120,0,300,7,2.200,50.4,1.740
400,0,0,14,120,0,300,14,2.200,37.5,1.740
400,0,0,14,120,0,300,14,2.200,35.0,1.740
400,0,0,14,120,0,300,14,2.200,40.1,1.740
400,0,0,14,120,0,300,14,2.200,49.8,1.740
400,0,0,14,120,0,300,14,2.200,35.4,1.740
400,0,0,14,120,0,300,14,2.200,42.1,1.740
400,0,0,14,120,0,300,14,2.200,50.9,1.740
400,0,0,14,120,0,300,28,2.200,38.6,1.740
400,0,0,14,120,0,300,28,2.200,36.5,1.740
400,0,0,14,120,0,300,28,2.200,44.5,1.740
400,0,0,14,120,0,300,28,2.200,51.7,1.740
400,0,0,14,120,0,300,28,2.200,37.2,1.740
400,0,0,14,120,0,300,28,2.200,45.3,1.740
400,0,0,14,120,0,300,28,2.200,52.0,1.740
300,100,0,8,120,0,300,3,1.950,38.6,1.740
300,100,0,8,120,0,300,3,1.950,38.3,1.740
300,100,0,8,120,0,300,3,1.950,40.5,1.740
300,100,0,8,120,0,300,3,1.950,52.9,1.740
300,100,0,8,120,0,300,3,1.950,38.8,1.740
300,100,0,8,120,0,300,3,1.950,44.0,1.740
300,100,0,8,120,0,300,3,1.950,54.2,1.740
300,100,0,8,120,0,300,7,1.950,38.9,1.740
300,100,0,8,120,0,300,7,1.950,38.0,1.740
300,100,0,8,120,0,300,7,1.950,40.5,1.740
300,100,0,8,120,0,300,7,1.950,53.3,1.740
300,100,0,8,120,0,300,7,1.950,38.5,1.740
300,100,0,8,120,0,300,7,1.950,43.6,1.740
300,100,0,8,120,0,300,7,1.950,54.5,1.740
300,100,0,8,120,0,300,14,1.950,38.8,1.740
300,100,0,8,120,0,300,14,1.950,37.9,1.740
300,100,0,8,120,0,300,14,1.950,41.4,1.740
300,100,0,8,120,0,300,14,1.950,54.7,1.740
300,100,0,8,120,0,300,14,1.950,37.9,1.740
300,100,0,8,120,0,300,14,1.950,43.5,1.740
300,100,0,8,120,0,300,14,1.950,55.4,1.740
300,100,0,8,120,0,300,28,1.950,39.3,1.740
300,100,0,8,120,0,300,28,1.950,39.3,1.740
300,100,0,8,120,0,300,28,1.950,45.8,1.740
300,100,0,8,120,0,300,28,1.950,55.9,1.740
300,100,0,8,120,0,300,28,1.950,38.9,1.740
300,100,0,8,120,0,300,28,1.950,47.1,1.740
300,100,0,8,120,0,300,28,1.950,57.0,1.740
300,100,0,10,120,0,300,3,1.950,40.5,1.740
300,100,0,10,120,0,300,3,1.950,40.2,1.740
300,100,0,10,120,0,300,3,1.950,42.5,1.740
300,100,0,10,120,0,300,3,1.950,55.5,1.740
300,100,0,10,120,0,300,3,1.950,40.7,1.740
300,100,0,10,120,0,300,3,1.950,46.2,1.740
300,100,0,10,120,0,300,3,1.950,56.9,1.740
300,100,0,10,120,0,300,7,1.950,40.8,1.740
300,100,0,10,120,0,300,7,1.950,39.9,1.740
300,100,0,10,120,0,300,7,1.950,42.6,1.740
300,100,0,10,120,0,300,7,1.950,55.9,1.740
300,100,0,10,120,0,300,7,1.950,40.5,1.740
300,100,0,10,120,0,300,7,1.950,45.8,1.740
300,100,0,10,120,0,300,7,1.950,57.2,1.740
300,100,0,10,120,0,300,14,1.950,40.8,1.740
300,100,0,10,120,0,300,14,1.950,39.8,1.740
300,100,0,10,120,0,300,14,1.950,43.5,1.740
300,100,0,10,120,0,300,14,1.950,57.4,1.740
300,100,0,10,120,0,300,14,1.950,39.8,1.740
300,100,0,10,120,0,300,14,1.950,45.7,1.740
300,100,0,10,120,0,300,14,1.950,58.2,1.740
300,100,0,10,120,0,300,28,1.950,41.3,1.740
300,100,0,10,120,0,300,28,1.950,41.3,1.740
300,100,0,10,120,0,300,28,1.950,48.1,1.740
300,100,0,10,120,0,300,28,1.950,58.7,1.740
300,100,0,10,120,0,300,28,1.950,40.8,1.740
300,100,0,10,120,0,300,28,1.950,49.5,1.740
300,100,0,10,120,0,300,28,1.950,59.8,1.740
300,100,0,12,120,0,300,3,1.950,42.5,1.740
300,100,0,12,120,0,300,3,1.950,42.2,1.740
300,100,0,12,120,0,300,3,1.950,44.7,1.740
300,100,0,12,120,0,300,3,1.950,58.3,1.740
300,100,0,12,120,0,300,3,1.950,42.8,1.740
300,100,0,12,120,0,300,3,1.950,48.6,1.740
300,100,0,12,120,0,300,3,1.950,59.8,1.740
300,100,0,12,120,0,300,7,1.950,42.8,1.740
300,100,0,12,120,0,300,7,1.950,41.9,1.740
300,100,0,12,120,0,300,7,1.950,44.7,1.740
300,100,0,12,120,0,300,7,1.950,58.7,1.740
300,100,0,12,120,0,300,7,1.950,42.5,1.740
300,100,0,12,120,0,300,7,1.950,48.1,1.740
300,100,0,12,120,0,300,7,1.950,60.0,1.740
300,100,0,12,120,0,300,14,1.950,42.8,1.740
300,100,0,12,120,0,300,14,1.950,41.8,1.740
300,100,0,12,120,0,300,14,1.950,45.7,1.740
300,100,0,12,120,0,300,14,1.950,60.3,1.740
300,100,0,12,120,0,300,14,1.950,41.7,1.740
300,100,0,12,120,0,300,14,1.950,48.0,1.740
300,100,0,12,120,0,300,14,1.950,61.1,1.740
300,100,0,12,120,0,300,28,1.950,43.4,1.740
300,100,0,12,120,0,300,28,1.950,43.4,1.740
300,100,0,12,120,0,300,28,1.950,50.5,1.740
300,100,0,12,120,0,300,28,1.950,61.7,1.740
300,100,0,12,120,0,300,28,1.950,42.8,1.740
300,100,0,12,120,0,300,28,1.950,52.0,1.740
300,100,0,12,120,0,300,28,1.950,62.8,1.740
300,100,0,14,120,0,300,3,1.950,44.6,1.740
300,100,0,14,120,0,300,3,1.950,44.3,1.740
300,100,0,14,120,0,300,3,1.950,46.9,1.740
300,100,0,14,120,0,300,3,1.950,61.2,1.740
300,100,0,14,120,0,300,3,1.950,44.9,1.740
300,100,0,14,120,0,300,3,1.950,51.0,1.740
300,100,0,14,120,0,300,3,1.950,62.8,1.740
300,100,0,14,120,0,300,7,1.950,45.0,1.740
300,100,0,14,120,0,300,7,1.950,44.0,1.740
300,100,0,14,120,0,300,7,1.950,46.9,1.740
300,100,0,14,120,0,300,7,1.950,61.7,1.740
300,100,0,14,120,0,300,7,1.950,44.6,1.740
300,100,0,14,120,0,300,7,1.950,50.5,1.740
300,100,0,14,120,0,300,7,1.950,63.0,1.740
300,100,0,14,120,0,300,14,1.950,45.0,1.740
300,100,0,14,120,0,300,14,1.950,43.9,1.740
300,100,0,14,120,0,300,14,1.950,48.0,1.740
300,100,0,14,120,0,300,14,1.950,63.3,1.740
300,100,0,14,120,0,300,14,1.950,43.8,1.740
300,100,0,14,120,0,300,14,1.950,50.4,1.740
300,100,0,14,120,0,300,14,1.950,64.1,1.740
300,100,0,14,120,0,300,28,1.950,45.6,1.740
300,100,0,14,120,0,300,28,1.950,45.5,1.740
300,100,0,14,120,0,300,28,1.950,53.1,1.740
300,100,0,14,120,0,300,28,1.950,64.8,1.740
300,100,0,14,120,0,300,28,1.950,45.0,1.740
300,100,0,14,120,0,300,28,1.950,54.6,1.740
300,100,0,14,120,0,300,28,1.950,66.0,1.740
400,0,0,8,120,0,800,3,2.200,23.8,1.840
400,0,0,8,120,0,800,3,2.200,23.6,1.840
400,0,0,8,120,0,800,3,2.200,25.0,1.840
400,0,0,8,120,0,800,3,2.200,32.7,1.840
400,0,0,8,120,0,800,3,2.200,24.0,1.840
400,0,0,8,120,0,800,3,2.200,27.2,1.840
400,0,0,8,120,0,800,3,2.200,33.5,1.840
400,0,0,8,120,0,800,7,2.200,24.0,1.840
400,0,0,8,120,0,800,7,2.200,23.5,1.840
400,0,0,8,120,0,800,7,2.200,25.0,1.840
400,0,0,8,120,0,800,7,2.200,32.9,1.840
400,0,0,8,120,0,800,7,2.200,23.8,1.840
400,0,0,8,120,0,800,7,2.200,26.9,1.840
400,0,0,8,120,0,800,7,2.200,33.6,1.840
400,0,0,8,120,0,800,14,2.200,24.0,1.840
400,0,0,8,120,0,800,14,2.200,23.4,1.840
400,0,0,8,120,0,800,14,2.200,25.6,1.840
400,0,0,8,120,0,800,14,2.200,33.8,1.840
400,0,0,8,120,0,800,14,2.200,23.4,1.840
400,0,0,8,120,0,800,14,2.200,26.9,1.840
400,0,0,8,120,0,800,14,2.200,34.2,1.840
400,0,0,8,120,0,800,28,2.200,24.3,1.840
400,0,0,8,120,0,800,28,2.200,24.3,1.840
400,0,0,8,120,0,800,28,2.200,28.3,1.840
400,0,0,8,120,0,800,28,2.200,34.6,1.840
400,0,0,8,120,0,800,28,2.200,24.0,1.840
400,0,0,8,120,0,800,28,2.200,29.1,1.840
400,0,0,8,120,0,800,28,2.200,35.2,1.840
400,0,0,10,120,0,800,3,2.200,24.5,1.840
400,0,0,10,120,0,800,3,2.200,23.9,1.840
400,0,0,10,120,0,800,3,2.200,25.4,1.840
400,0,0,10,120,0,800,3,2.200,33.2,1.840
400,0,0,10,120,0,800,3,2.200,24.2,1.840
400,0,0,10,120,0,800,3,2.200,27.7,1.840
400,0,0,10,120,0,800,3,2.200,33.7,1.840
400,0,0,10,120,0,800,7,2.200,24.6,1.840
400,0,0,10,120,0,800,7,2.200,23.7,1.840
400,0,0,10,120,0,800,7,2.200,25.4,1.840
400,0,0,10,120,0,800,7,2.200,33.1,1.840
400,0,0,10,120,0,800,7,2.200,23.9,1.840
400,0,0,10,120,0,800,7,2.200,27.3,1.840
400,0,0,10,120,0,800,7,2.200,33.9,1.840
400,0,0,10,120,0,800,14,2.200,24.5,1.840
400,0,0,10,120,0,800,14,2.200,23.5,1.840
400,0,0,10,120,0,800,14,2.200,26.0,1.840
400,0,0,10,120,0,800,14,2.200,33.7,1.840
400,0,0,10,120,0,800,14,2.200,23.6,1.840
400,0,0,10,120,0,800,14,2.200,27.4,1.840
400,0,0,10,120,0,800,14,2.200,34.2,1.840
400,0,0,10,120,0,800,28,2.200,24.9,1.840
400,0,0,10,120,0,800,28,2.200,24.4,1.840
400,0,0,10,120,0,800,28,2.200,29.0,1.840
400,0,0,10,120,0,800,28,2.200,34.7,1.840
400,0,0,10,120,0,800,28,2.200,24.4,1.840
400,0,0,10,120,0,800,28,2.200,29.8,1.840
400,0,0,10,120,0,800,28,2.200,35.3,1.840
400,0,0,12,120,0,800,3,2.200,25.0,1.840
400,0,0,12,120,0,800,3,2.200,24.1,1.840
400,0,0,12,120,0,800,3,2.200,25.9,1.840
400,0,0,12,120,0,800,3,2.200,33.8,1.840
400,0,0,12,120,0,800,3,2.200,24.4,1.840
400,0,0,12,120,0,800,3,2.200,28.3,1.840
400,0,0,12,120,0,800,3,2.200,33.9,1.840
400,0,0,12,120,0,800,7,2.200,25.0,1.840
400,0,0,12,120,0,800,7,2.200,23.9,1.840
400,0,0,12,120,0,800,7,2.200,25.9,1.840
400,0,0,12,120,0,800,7,2.200,33.6,1.840
400,0,0,12,120,0,800,7,2.200,24.2,1.840
400,0,0,12,120,0,800,7,2.200,27.8,1.840
400,0,0,12,120,0,800,7,2.200,34.0,1.840
400,0,0,12,120,0,800,14,2.200,24.8,1.840
400,0,0,12,120,0,800,14,2.200,23.6,1.840
400,0,0,12,120,0,800,14,2.200,26.6,1.840
400,0,0,12,120,0,800,14,2.200,33.8,1.840
400,0,0,12,120,0,800,14,2.200,23.8,1.840
400,0,0,12,120,0,800,14,2.200,28.0,1.840
400,0,0,12,120,0,800,14,2.200,34.4,1.840
400,0,0,12,120,0,800,28,2.200,25.6,1.840
400,0,0,12,120,0,800,28,2.200,24.6,1.840
400,0,0,12,120,0,800,28,2.200,29.6,1.840
400,0,0,12,120,0,800,28,2.200,34.9,1.840
400,0,0,12,120,0,800,28,2.200,24.9,1.840
400,0,0,12,120,0,800,28,2.200,30.3,1.840
400,0,0,12,120,0,800,28,2.200,35.4,1.840
400,0,0,14,120,0,800,3,2.200,25.3,1.840
400,0,0,14,120,0,800,3,2.200,24.3,1.840
400,0,0,14,120,0,800,3,2.200,26.6,1.840
400,0,0,14,120,0,800,3,2.200,34.0,1.840
400,0,0,14,120,0,800,3,2.200,24.6,1.840
400,0,0,14,120,0,800,3,2.200,29.0,1.840
400,0,0,14,120,0,800,3,2.200,34.1,1.840
400,0,0,14,120,0,800,7,2.200,25.4,1.840
400,0,0,14,120,0,800,7,2.200,24.1,1.840
400,0,0,14,120,0,800,7,2.200,26.5,1.840
400,0,0,14,120,0,800,7,2.200,34.0,1.840
400,0,0,14,120,0,800,7,2.200,24.5,1.840
400,0,0,14,120,0,800,7,2.200,28.5,1.840
400,0,0,14,120,0,800,7,2.200,34.3,1.840
400,0,0,14,120,0,800,14,2.200,25.5,1.840
400,0,0,14,120,0,800,14,2.200,23.8,1.840
400,0,0,14,120,0,800,14,2.200,27.3,1.840
400,0,0,14,120,0,800,14,2.200,33.8,1.840
400,0,0,14,120,0,800,14,2.200,24.1,1.840
400,0,0,14,120,0,800,14,2.200,28.6,1.840
400,0,0,14,120,0,800,14,2.200,34.6,1.840
400,0,0,14,120,0,800,28,2.200,26.3,1.840
400,0,0,14,120,0,800,28,2.200,24.8,1.840
400,0,0,14,120,0,800,28,2.200,30.2,1.840
400,0,0,14,120,0,800,28,2.200,35.1,1.840
400,0,0,14,120,0,800,28,2.200,25.3,1.840
400,0,0,14,120,0,800,28,2.200,30.8,1.840
400,0,0,14,120,0,800,28,2.200,35.3,1.840
300,100,0,8,120,0,800,3,1.950,26.2,1.840
300,100,0,8,120,0,800,3,1.950,26.0,1.840
300,100,0,8,120,0,800,3,1.950,27.5,1.840
300,100,0,8,120,0,800,3,1.950,35.9,1.840
300,100,0,8,120,0,800,3,1.950,26.4,1.840
300,100,0,8,120,0,800,3,1.950,29.9,1.840
300,100,0,8,120,0,800,3,1.950,36.8,1.840
300,100,0,8,120,0,800,7,1.950,26.4,1.840
300,100,0,8,120,0,800,7,1.950,25.8,1.840
300,100,0,8,120,0,800,7,1.950,27.6,1.840
300,100,0,8,120,0,800,7,1.950,36.2,1.840
300,100,0,8,120,0,800,7,1.950,26.2,1.840
300,100,0,8,120,0,800,7,1.950,29.6,1.840
300,100,0,8,120,0,800,7,1.950,37.0,1.840
300,100,0,8,120,0,800,14,1.950,26.4,1.840
300,100,0,8,120,0,800,14,1.950,25.8,1.840
300,100,0,8,120,0,800,14,1.950,28.2,1.840
300,100,0,8,120,0,800,14,1.950,37.2,1.840
300,100,0,8,120,0,800,14,1.950,25.7,1.840
300,100,0,8,120,0,800,14,1.950,29.6,1.840
300,100,0,8,120,0,800,14,1.950,37.7,1.840
300,100,0,8,120,0,800,28,1.950,26.7,1.840
300,100,0,8,120,0,800,28,1.950,26.7,1.840
300,100,0,8,120,0,800,28,1.950,31.2,1.840
300,100,0,8,120,0,800,28,1.950,38.0,1.840
300,100,0,8,120,0,800,28,1.950,26.4,1.840
300,100,0,8,120,0,800,28,1.950,32.0,1.840
300,100,0,8,120,0,800,28,1.950,38.7,1.840
300,100,0,10,120,0,800,3,1.950,27.5,1.840
300,100,0,10,120,0,800,3,1.950,27.3,1.840
300,100,0,10,120,0,800,3,1.950,28.9,1.840
300,100,0,10,120,0,800,3,1.950,37.7,1.840
300,100,0,10,120,0,800,3,1.950,27.7,1.840
300,100,0,10,120,0,800,3,1.950,31.4,1.840
300,100,0,10,120,0,800,3,1.950,38.7,1.840
300,100,0,10,120,0,800,7,1.950,27.7,1.840
300,100,0,10,120,0,800,7,1.950,27.1,1.840
300,100,0,10,120,0,800,7,1.950,28.9,1.840
300,100,0,10,120,0,800,7,1.950,38.0,1.840
300,100,0,10,120,0,800,7,1.950,27.5,1.840
300,100,0,10,120,0,800,7,1.950,31.1,1.840
300,100,0,10,120,0,800,7,1.950,38.9,1.840
300,100,0,10,120,0,800,14,1.950,27.7,1.840
300,100,0,10,120,0,800,14,1.950,27.1,1.840
300,100,0,10,120,0,800,14,1.950,29.6,1.840
300,100,0,10,120,0,800,14,1.950,39.0,1.840
300,100,0,10,120,0,800,14,1.950,27.0,1.840
300,100,0,10,120,0,800,14,1.950,31.0,1.840
300,100,0,10,120,0,800,14,1.950,39.5,1.840
300,100,0,10,120,0,800,28,1.950,28.1,1.840
300,100,0,10,120,0,800,28,1.950,28.1,1.840
300,100,0,10,120,0,800,28,1.950,32.7,1.840
300,100,0,10,120,0,800,28,1.950,39.9,1.840
300,100,0,10,120,0,800,28,1.950,27.7,1.840
300,100,0,10,120,0,800,28,1.950,33.6,1.840
300,100,0,10,120,0,800,28,1.950,40.7,1.840
300,100,0,12,120,0,800,3,1.950,28.9,1.840
300,100,0,12,120,0,800,3,1.950,28.7,1.840
300,100,0,12,120,0,800,3,1.950,30.4,1.840
300,100,0,12,120,0,800,3,1.950,39.6,1.840
300,100,0,12,120,0,800,3,1.950,29.1,1.840
300,100,0,12,120,0,800,3,1.950,33.0,1.840
300,100,0,12,120,0,800,3,1.950,40.6,1.840
300,100,0,12,120,0,800,7,1.950,29.1,1.840
300,100,0,12,120,0,800,7,1.950,28.5,1.840
300,100,0,12,120,0,800,7,1.950,30.4,1.840
300,100,0,12,120,0,800,7,1.950,39.9,1.840
300,100,0,12,120,0,800,7,1.950,28.9,1.840
300,100,0,12,120,0,800,7,1.950,32.7,1.840
300,100,0,12,120,0,800,7,1.950,40.8,1.840
300,100,0,12,120,0,800,14,1.950,29.1,1.840
300,100,0,12,120,0,800,14,1.950,28.4,1.840
300,100,0,12,120,0,800,14,1.950,31.1,1.840
300,100,0,12,120,0,800,14,1.950,41.0,1.840
300,100,0,12,120,0,800,14,1.950,28.4,1.840
300,100,0,12,120,0,800,14,1.950,32.6,1.840
300,100,0,12,120,0,800,14,1.950,41.5,1.840
300,100,0,12,120,0,800,28,1.950,29.5,1.840
300,100,0,12,120,0,800,28,1.950,29.5,1.840
300,100,0,12,120,0,800,28,1.950,34.4,1.840
300,100,0,12,120,0,800,28,1.950,41.9,1.840
300,100,0,12,120,0,800,28,1.950,29.1,1.840
300,100,0,12,120,0,800,28,1.950,35.3,1.840
300,100,0,12,120,0,800,28,1.950,42.7,1.840
300,100,0,14,120,0,800,3,1.950,30.3,1.840
300,100,0,14,120,0,800,3,1.950,30.1,1.840
300,100,0,14,120,0,800,3,1.950,31.9,1.840
300,100,0,14,120,0,800,3,1.950,41.6,1.840
300,100,0,14,120,0,800,3,1.950,30.5,1.840
300,100,0,14,120,0,800,3,1.950,34.7,1.840
300,100,0,14,120,0,800,3,1.950,42.7,1.840
300,100,0,14,120,0,800,7,1.950,30.6,1.840
300,100,0,14,120,0,800,7,1.950,29.9,1.840
300,100,0,14,120,0,800,7,1.950,31.9,1.840
300,100,0,14,120,0,800,7,1.950,41.9,1.840
300,100,0,14,120,0,800,7,1.950,30.3,1.840
300,100,0,14,120,0,800,7,1.950,34.3,1.840
300,100,0,14,120,0,800,7,1.950,42.9,1.840
300,100,0,14,120,0,800,14,1.950,30.6,1.840
300,100,0,14,120,0,800,14,1.950,29.8,1.840
300,100,0,14,120,0,800,14,1.950,32.6,1.840
300,100,0,14,120,0,800,14,1.950,43.0,1.840
300,100,0,14,120,0,800,14,1.950,29.8,1.840
300,100,0,14,120,0,800,14,1.950,34.2,1.840
300,100,0,14,120,0,800,14,1.950,43.6,1.840
300,100,0,14,120,0,800,28,1.950,31.0,1.840
300,100,0,14,120,0,800,28,1.950,31.0,1.840
300,100,0,14,120,0,800,28,1.950,36.1,1.840
300,100,0,14,120,0,800,28,1.950,44.0,1.840
300,100,0,14,120,0,800,28,1.950,30.6,1.840
300,100,0,14,120,0,800,28,1.950,37.1,1.840
300,100,0,14,120,0,800,28,1.950,44.8,1.840
1350,0,0,8,270,0,0,7,2.200,24.82,1.870
1350,0,0,8,270,220,0,7,2.200,27.16,2.002
1350,0,0,8,270,440,0,7,2.200,28.49,2.134
1350,0,0,8,270,660,0,7,2.200,29.59,2.266
1350,0,0,8,270,880,0,7,2.200,32.07,2.398
1350,0,0,8,270,1100,0,7,2.200,34.32,2.530
1350,0,0,8,360,0,0,7,2.200,27.19,1.870
1350,0,0,8,360,220,0,7,2.200,29.87,2.002
1350,0,0,8,360,440,0,7,2.200,30.52,2.134
1350,0,0,8,360,660,0,7,2.200,31.63,2.266
1350,0,0,8,360,880,0,7,2.200,33.69,2.398
1350,0,0,8,360,1100,0,7,2.200,36.72,2.530
1350,0,0,8,405,0,0,7,2.200,23.59,1.870
1350,0,0,8,405,220,0,7,2.200,25.87,2.002
1350,0,0,8,405,440,0,7,2.200,26.89,2.134
1350,0,0,8,405,660,0,7,2.200,30.57,2.266
1350,0,0,8,405,880,0,7,2.200,31.56,2.398
1350,0,0,8,405,1100,0,7,2.200,33.58,2.530
1350,0,0,8,270,0,0,28,2.200,31.52,1.870
1350,0,0,8,270,220,0,28,2.200,32.46,2.002
1350,0,0,8,270,440,0,28,2.200,36.89,2.134
1350,0,0,8,270,660,0,28,2.200,38.41,2.266
1350,0,0,8,270,880,0,28,2.200,41.32,2.398
1350,0,0,8,270,1100,0,28,2.200,42.13,2.530
1350,0,0,8,360,0,0,28,2.200,33.28,1.870
1350,0,0,8,360,220,0,28,2.200,35.12,2.002
1350,0,0,8,360,440,0,28,2.200,38.54,2.134
1350,0,0,8,360,660,0,28,2.200,40.29,2.266
1350,0,0,8,360,880,0,28,2.200,43.69,2.398
1350,0,0,8,360,1100,0,28,2.200,45.27,2.530
1350,0,0,8,405,0,0,28,2.200,30.54,1.870
1350,0,0,8,405,220,0,28,2.200,31.25,2.002
1350,0,0,8,405,440,0,28,2.200,34.89,2.134
1350,0,0,8,405,660,0,28,2.200,37.41,2.266
1350,0,0,8,405,880,0,28,2.200,39.87,2.398
1350,0,0,8,405,1100,0,28,2.200,40.56,2.530
1350,0,0,8,270,0,0,90,2.200,36.61,1.870
1350,0,0,8,270,220,0,90,2.200,38.32,2.002
1350,0,0,8,270,440,0,90,2.200,43.45,2.134
1350,0,0,8,270,660,0,90,2.200,45.21,2.266
1350,0,0,8,270,880,0,90,2.200,47.62,2.398
1350,0,0,8,270,1100,0,90,2.200,48.56,2.530
1350,0,0,8,360,0,0,90,2.200,38.25,1.870
1350,0,0,8,360,220,0,90,2.200,40.54,2.002
1350,0,0,8,360,440,0,90,2.200,44.98,2.134
1350,0,0,8,360,660,0,90,2.200,46.92,2.266
1350,0,0,8,360,880,0,90,2.200,49.23,2.398
1350,0,0,8,360,1100,0,90,2.200,51.18,2.530
1350,0,0,8,405,0,0,90,2.200,34.98,1.870
1350,0,0,8,405,220,0,90,2.200,37.57,2.002
1350,0,0,8,405,440,0,90,2.200,41.56,2.134
1350,0,0,8,405,660,0,90,2.200,44.23,2.266
1350,0,0,8,405,880,0,90,2.200,45.58,2.398
1350,0,0,8,405,1100,0,90,2.200,46.16,2.530
1350,0,0,10,270,0,0,7,2.200,27.12,1.870
1350,0,0,10,270,220,0,7,2.200,29.32,2.002
1350,0,0,10,270,440,0,7,2.200,30.98,2.134
1350,0,0,10,270,660,0,7,2.200,32.56,2.266
1350,0,0,10,270,880,0,7,2.200,35.78,2.398
1350,0,0,10,270,1100,0,7,2.200,37.12,2.530
1350,0,0,10,360,0,0,7,2.200,29.45,1.870
1350,0,0,10,360,220,0,7,2.200,31.56,2.002
1350,0,0,10,360,440,0,7,2.200,32.78,2.134
1350,0,0,10,360,660,0,7,2.200,33.99,2.266
1350,0,0,10,360,880,0,7,2.200,36.78,2.398
1350,0,0,10,360,1100,0,7,2.200,39.29,2.530
1350,0,0,10,405,0,0,7,2.200,25.47,1.870
1350,0,0,10,405,220,0,7,2.200,27.98,2.002
1350,0,0,10,405,440,0,7,2.200,29.25,2.134
1350,0,0,10,405,660,0,7,2.200,30.68,2.266
1350,0,0,10,405,880,0,7,2.200,33.78,2.398
1350,0,0,10,405,1100,0,7,2.200,35.69,2.530
1350,0,0,10,270,0,0,28,2.200,34.96,1.870
1350,0,0,10,270,220,0,28,2.200,35.87,2.002
1350,0,0,10,270,440,0,28,2.200,39.56,2.134
1350,0,0,10,270,660,0,28,2.200,42.65,2.266
1350,0,0,10,270,880,0,28,2.200,46.12,2.398
1350,0,0,10,270,1100,0,28,2.200,47.28,2.530
1350,0,0,10,360,0,0,28,2.200,36.45,1.870
1350,0,0,10,360,220,0,28,2.200,37.54,2.002
1350,0,0,10,360,440,0,28,2.200,40.98,2.134
1350,0,0,10,360,660,0,28,2.200,43.65,2.266
1350,0,0,10,360,880,0,28,2.200,47.58,2.398
1350,0,0,10,360,1100,0,28,2.200,49.24,2.530
1350,0,0,10,405,0,0,28,2.200,33.57,1.870
1350,0,0,10,405,220,0,28,2.200,34.43,2.002
1350,0,0,10,405,440,0,28,2.200,37.26,2.134
1350,0,0,10,405,660,0,28,2.200,40.69,2.266
1350,0,0,10,405,880,0,28,2.200,44.29,2.398
1350,0,0,10,405,1100,0,28,2.200,45.87,2.530
1350,0,0,10,270,0,0,90,2.200,36.18,1.870
1350,0,0,10,270,220,0,90,2.200,38.23,2.002
1350,0,0,10,270,440,0,90,2.200,42.98,2.134
1350,0,0,10,270,660,0,90,2.200,45.39,2.266
1350,0,0,10,270,880,0,90,2.200,47.62,2.398
1350,0,0,10,270,1100,0,90,2.200,49.46,2.530
1350,0,0,10,360,0,0,90,2.200,37.65,1.870
1350,0,0,10,360,220,0,90,2.200,39.43,2.002
1350,0,0,10,360,440,0,90,2.200,44.98,2.134
1350,0,0,10,360,660,0,90,2.200,47.36,2.266
1350,0,0,10,360,880,0,90,2.200,50.09,2.398
1350,0,0,10,360,1100,0,90,2.200,52.47,2.530
1350,0,0,10,405,0,0,90,2.200,34.58,1.870
1350,0,0,10,405,220,0,90,2.200,36.40,2.002
1350,0,0,10,405,440,0,90,2.200,39.52,2.134
1350,0,0,10,405,660,0,90,2.200,41.56,2.266
1350,0,0,10,405,880,0,90,2.200,43.57,2.398
1350,0,0,10,405,1100,0,90,2.200,45.28,2.530
1350,0,0,12,270,0,0,7,2.200,27.12,1.870
1350,0,0,12,270,220,0,7,2.200,29.32,2.002
1350,0,0,12,270,440,0,7,2.200,30.98,2.134
1350,0,0,12,270,660,0,7,2.200,32.56,2.266
1350,0,0,12,270,880,0,7,2.200,35.78,2.398
1350,0,0,12,270,1100,0,7,2.200,37.12,2.530
1350,0,0,12,360,0,0,7,2.200,29.45,1.870
1350,0,0,12,360,220,0,7,2.200,31.56,2.002
1350,0,0,12,360,440,0,7,2.200,32.78,2.134
1350,0,0,12,360,660,0,7,2.200,33.99,2.266
1350,0,0,12,360,880,0,7,2.200,36.78,2.398
1350,0,0,12,360,1100,0,7,2.200,39.29,2.530
1350,0,0,12,405,0,0,7,2.200,25.47,1.870
1350,0,0,12,405,220,0,7,2.200,27.98,2.002
1350,0,0,12,405,440,0,7,2.200,29.25,2.134
1350,0,0,12,405,660,0,7,2.200,30.68,2.266
1350,0,0,12,405,880,0,7,2.200,33.78,2.398
1350,0,0,12,405,1100,0,7,2.200,35.69,2.530
1350,0,0,12,270,0,0,28,2.200,34.96,1.870
1350,0,0,12,270,220,0,28,2.200,35.87,2.002
1350,0,0,12,270,440,0,28,2.200,39.56,2.134
1350,0,0,12,270,660,0,28,2.200,42.65,2.266
1350,0,0,12,270,880,0,28,2.200,46.12,2.398
1350,0,0,12,270,1100,0,28,2.200,47.28,2.530
1350,0,0,12,360,0,0,28,2.200,36.45,1.870
1350,0,0,12,360,220,0,28,2.200,37.54,2.002
1350,0,0,12,360,440,0,28,2.200,40.98,2.134
1350,0,0,12,360,660,0,28,2.200,43.65,2.266
1350,0,0,12,360,880,0,28,2.200,47.58,2.398
1350,0,0,12,360,1100,0,28,2.200,49.24,2.530
1350,0,0,12,405,0,0,28,2.200,33.57,1.870
1350,0,0,12,405,220,0,28,2.200,34.43,2.002
1350,0,0,12,405,440,0,28,2.200,37.26,2.134
1350,0,0,12,405,660,0,28,2.200,40.69,2.266
1350,0,0,12,405,880,0,28,2.200,44.29,2.398
1350,0,0,12,405,1100,0,28,2.200,45.87,2.530
1350,0,0,12,270,0,0,90,2.200,36.18,1.870
1350,0,0,12,270,220,0,90,2.200,38.23,2.002
1350,0,0,12,270,440,0,90,2.200,42.98,2.134
1350,0,0,12,270,660,0,90,2.200,45.39,2.266
1350,0,0,12,270,880,0,90,2.200,47.62,2.398
1350,0,0,12,270,1100,0,90,2.200,49.46,2.530
1350,0,0,12,360,0,0,90,2.200,37.65,1.870
1350,0,0,12,360,220,0,90,2.200,39.43,2.002
1350,0,0,12,360,440,0,90,2.200,44.98,2.134
1350,0,0,12,360,660,0,90,2.200,47.36,2.266
1350,0,0,12,360,880,0,90,2.200,50.09,2.398
1350,0,0,12,360,1100,0,90,2.200,52.47,2.530
1350,0,0,12,405,0,0,90,2.200,34.58,1.870
1350,0,0,12,405,220,0,90,2.200,36.40,2.002
1350,0,0,12,405,440,0,90,2.200,39.52,2.134
1350,0,0,12,405,660,0,90,2.200,41.56,2.266
1350,0,0,12,405,880,0,90,2.200,43.57,2.398
1350,0,0,12,405,1100,0,90,2.200,45.28,2.530
1350,0,0,10,360,0,200,7,2.200,34.36,1.910
1350,0,0,10,360,0,400,7,2.200,32.17,1.950
1350,0,0,10,360,0,600,7,2.200,29.36,1.990
1350,0,0,10,0,660,200,7,2.200,40.83,2.306
1350,0,0,10,360,660,400,7,2.200,38.09,2.346
1350,0,0,10,360,660,600,7,2.200,34.73,2.386
1350,0,0,10,360,880,200,7,2.200,44.02,2.438
1350,0,0,10,360,880,400,7,2.200,41.69,2.478
1350,0,0,10,360,880,600,7,2.200,36.31,2.518
1350,0,0,10,360,1100,200,7,2.200,45.38,2.570
1350,0,0,10,360,1100,400,7,2.200,42.31,2.610
1350,0,0,10,360,1100,600,7,2.200,39.06,2.650
1350,0,0,10,360,0,200,28,2.200,35.62,1.910
1350,0,0,10,360,0,400,28,2.200,33.60,1.950
1350,0,0,10,360,0,600,28,2.200,31.52,1.990
1350,0,0,10,360,660,200,28,2.200,43.22,2.306
1350,0,0,10,360,660,400,28,2.200,41.75,2.346
1350,0,0,10,360,660,600,28,2.200,37.98,2.386
1350,0,0,10,360,880,200,28,2.200,46.82,2.438
1350,0,0,10,360,880,400,28,2.200,44.64,2.478
1350,0,0,10,360,880,600,28,2.200,40.19,2.518
1350,0,0,10,360,1100,200,28,2.200,48.03,2.570
1350,0,0,10,360,1100,400,28,2.200,45.78,2.610
1350,0,0,10,360,1100,600,28,2.200,42.62,2.650